{
  "AI & ML": {
    "sharpe_ratio": 5.5966649562452435,
    "sortino_ratio": 8.126921707055555,
    "max_drawdown": -0.03546462616366054,
    "tracking_error": 0.0
  },
  "Clean Energy": {
    "sharpe_ratio": 5.241581843941345,
    "sortino_ratio": 7.648005203861186,
    "max_drawdown": -0.04500559745042893,
    "tracking_error": 0.0
  },
  "Cybersecurity": {
    "sharpe_ratio": 4.566287534069483,
    "sortino_ratio": 6.716536715547052,
    "max_drawdown": -0.049706134774443626,
    "tracking_error": 0.0
  },
  "Biotech": {
    "sharpe_ratio": 3.4704635271707835,
    "sortino_ratio": 5.929180272152031,
    "max_drawdown": -0.049796506200991277,
    "tracking_error": 0.0
  },
  "Cloud Computing": {
    "sharpe_ratio": 4.684676547500794,
    "sortino_ratio": 7.282174385177503,
    "max_drawdown": -0.06239236167756826,
    "tracking_error": 0.0
  },
  "Metaverse": {
    "sharpe_ratio": 4.549536889140825,
    "sortino_ratio": 7.220086843186065,
    "max_drawdown": -0.040489816500032666,
    "tracking_error": 0.0
  },
  "Robotics": {
    "sharpe_ratio": 4.853405705242143,
    "sortino_ratio": 7.897913420900374,
    "max_drawdown": -0.0362939566037202,
    "tracking_error": 0.0
  },
  "Fintech": {
    "sharpe_ratio": 4.462281376967292,
    "sortino_ratio": 7.824561945839863,
    "max_drawdown": -0.048157907675388904,
    "tracking_error": 0.0
  }
}